{"text": " Si simplemente vienes a Cloud y conectas esta herramienta y escribes, dame 50 empresas de alto crecimiento en Espa\u00f1a con menos de 100 empleados. Este MCP de Cloud va a buscar tuvada a la base de datos de Elite y va a encontrar los desliz altamente cualificados con nombres y mails verificados, sobre el delinqued y un poco de informaci\u00f3n sobre su negocio tambi\u00e9n. Es de lejos, hay m\u00e9todos m\u00e1s potendimas f\u00e1cil de generaci\u00f3n de Elite. Esta herramienta se llama Explorium y puedes conectarla f\u00e1cilmente con Cloud y usar PRONS para generar Elite. Ets una gu\u00eda paso a paso a nuestra biblioteca para montar sistemas para tu propio negocio. Simplemente ve al link de perfil y acceden a esta biblioteca de recursos donde podr\u00e1s encontrar la gu\u00eda. Y adem\u00e1s tendr\u00e1s acceso a nuestra clase de ratujitas de 2 d\u00edas en directo.", "segments": [{"id": 0, "seek": 0, "start": 0.0, "end": 2.96, "text": " Si simplemente vienes a Cloud y conectas esta herramienta y escribes,", "tokens": [50364, 4909, 33190, 371, 1053, 279, 257, 8061, 288, 30458, 296, 5283, 38271, 64, 288, 30598, 6446, 11, 50512], "temperature": 0.0, "avg_logprob": -0.3196505128947738, "compression_ratio": 1.6798780487804879, "no_speech_prob": 0.0742286965250969}, {"id": 1, "seek": 0, "start": 2.96, "end": 6.72, "text": " dame 50 empresas de alto crecimiento en Espa\u00f1a con menos de 100 empleados.", "tokens": [50512, 274, 529, 2625, 26433, 368, 21275, 31668, 14007, 465, 31729, 416, 8902, 368, 2319, 36820, 4181, 13, 50700], "temperature": 0.0, "avg_logprob": -0.3196505128947738, "compression_ratio": 1.6798780487804879, "no_speech_prob": 0.0742286965250969}, {"id": 2, "seek": 0, "start": 6.72, "end": 10.08, "text": " Este MCP de Cloud va a buscar tuvada a la base de datos de Elite", "tokens": [50700, 16105, 8797, 47, 368, 8061, 2773, 257, 26170, 2604, 85, 1538, 257, 635, 3096, 368, 27721, 368, 34404, 50868], "temperature": 0.0, "avg_logprob": -0.3196505128947738, "compression_ratio": 1.6798780487804879, "no_speech_prob": 0.0742286965250969}, {"id": 3, "seek": 0, "start": 10.08, "end": 14.44, "text": " y va a encontrar los desliz altamente cualificados con nombres y mails verificados,", "tokens": [50868, 288, 2773, 257, 17525, 1750, 730, 75, 590, 4955, 3439, 10911, 1089, 4181, 416, 297, 29947, 288, 463, 4174, 1306, 1089, 4181, 11, 51086], "temperature": 0.0, "avg_logprob": -0.3196505128947738, "compression_ratio": 1.6798780487804879, "no_speech_prob": 0.0742286965250969}, {"id": 4, "seek": 0, "start": 14.44, "end": 17.56, "text": " sobre el delinqued y un poco de informaci\u00f3n sobre su negocio tambi\u00e9n.", "tokens": [51086, 5473, 806, 1103, 37384, 292, 288, 517, 10639, 368, 21660, 5473, 459, 26722, 8529, 6407, 13, 51242], "temperature": 0.0, "avg_logprob": -0.3196505128947738, "compression_ratio": 1.6798780487804879, "no_speech_prob": 0.0742286965250969}, {"id": 5, "seek": 0, "start": 17.56, "end": 20.52, "text": " Es de lejos, hay m\u00e9todos m\u00e1s potendimas f\u00e1cil de generaci\u00f3n de Elite.", "tokens": [51242, 2313, 368, 476, 19136, 11, 4842, 20275, 378, 329, 3573, 1847, 521, 17957, 17474, 368, 1337, 3482, 368, 34404, 13, 51390], "temperature": 0.0, "avg_logprob": -0.3196505128947738, "compression_ratio": 1.6798780487804879, "no_speech_prob": 0.0742286965250969}, {"id": 6, "seek": 0, "start": 20.52, "end": 25.52, "text": " Esta herramienta se llama Explorium y puedes conectarla f\u00e1cilmente con Cloud y usar PRONS para generar Elite.", "tokens": [51390, 20547, 38271, 64, 369, 23272, 12514, 284, 2197, 288, 19010, 30458, 34148, 17474, 4082, 416, 8061, 288, 14745, 11568, 1928, 50, 1690, 1337, 289, 34404, 13, 51640], "temperature": 0.0, "avg_logprob": -0.3196505128947738, "compression_ratio": 1.6798780487804879, "no_speech_prob": 0.0742286965250969}, {"id": 7, "seek": 2552, "start": 25.52, "end": 29.84, "text": " Ets una gu\u00eda paso a paso a nuestra biblioteca para montar sistemas para tu propio negocio.", "tokens": [50364, 462, 1373, 2002, 695, 2686, 29212, 257, 29212, 257, 16825, 34344, 1370, 496, 1690, 8143, 289, 48720, 1690, 2604, 40098, 26722, 8529, 13, 50580], "temperature": 0.0, "avg_logprob": -0.2830538749694824, "compression_ratio": 1.5333333333333334, "no_speech_prob": 0.0022104165982455015}, {"id": 8, "seek": 2552, "start": 29.84, "end": 34.68, "text": " Simplemente ve al link de perfil y acceden a esta biblioteca de recursos donde podr\u00e1s encontrar la gu\u00eda.", "tokens": [50580, 21532, 4082, 1241, 419, 2113, 368, 13826, 388, 288, 696, 1232, 268, 257, 5283, 34344, 1370, 496, 368, 30409, 10488, 15305, 2490, 17525, 635, 695, 2686, 13, 50822], "temperature": 0.0, "avg_logprob": -0.2830538749694824, "compression_ratio": 1.5333333333333334, "no_speech_prob": 0.0022104165982455015}, {"id": 9, "seek": 2552, "start": 34.68, "end": 38.4, "text": " Y adem\u00e1s tendr\u00e1s acceso a nuestra clase de ratujitas de 2 d\u00edas en directo.", "tokens": [50822, 398, 21251, 3928, 17168, 49284, 257, 16825, 44578, 368, 5937, 4579, 14182, 368, 568, 19527, 465, 2047, 78, 13, 51008], "temperature": 0.0, "avg_logprob": -0.2830538749694824, "compression_ratio": 1.5333333333333334, "no_speech_prob": 0.0022104165982455015}], "language": "es"}